block_height,unlocked_micro_stx,unlocked_stx,estimated_time
653562,890073513413339,890073513.413339,2020-10-20T13:10:48.000Z
655921,901160866024492,901160866.024492,2020-11-05T22:20:48.000Z
656026,918021375682165,918021375.682165,2020-11-06T15:50:48.000Z
660241,929108728293318,929108728.293318,2020-12-05T22:20:48.000Z
660346,945969237950991,945969237.950991,2020-12-06T15:50:48.000Z
664561,957056590562144,957056590.562144,2021-01-04T22:20:48.000Z
664666,973917100219817,973917100.219817,2021-01-05T15:50:48.000Z
668881,985004452830967,985004452.830967,2021-02-03T22:20:48.000Z
668986,1001864962487772,1001864962.487772,2021-02-04T15:50:48.000Z
673201,1012952315098922,1012952315.098922,2021-03-05T22:20:48.000Z
673306,1029812824755727,1029812824.755727,2021-03-06T15:50:48.000Z
677521,1040900177366877,1040900177.366877,2021-04-04T22:20:48.000Z
677626,1057760687023681,1057760687.023681,2021-04-05T15:50:48.000Z
681841,1068848039634831,1068848039.634831,2021-05-04T22:20:48.000Z
681946,1085708549291194,1085708549.291194,2021-05-05T15:50:48.000Z
686161,1096795901901850,1096795901.901850,2021-06-03T22:20:48.000Z
686266,1113656411558213,1113656411.558213,2021-06-04T15:50:48.000Z
690481,1124743764168869,1124743764.168869,2021-07-03T22:20:48.000Z
690586,1141604273824552,1141604273.824552,2021-07-04T15:50:48.000Z
694801,1152691626435208,1152691626.435208,2021-08-02T22:20:48.000Z
694906,1169552136090891,1169552136.090891,2021-08-03T15:50:48.000Z
699121,1180639488701547,1180639488.701547,2021-09-01T22:20:48.000Z
699226,1197499998357230,1197499998.357230,2021-09-02T15:50:48.000Z
703441,1198541665023896,1198541665.023896,2021-10-01T22:20:48.000Z
707761,1199583331690562,1199583331.690562,2021-10-31T22:20:48.000Z
712081,1200624998357228,1200624998.357228,2021-11-30T22:20:48.000Z
716401,1201666665023894,1201666665.023894,2021-12-30T22:20:48.000Z
720721,1202708331690560,1202708331.690560,2022-01-29T22:20:48.000Z
725041,1203749998357226,1203749998.357226,2022-02-28T22:20:48.000Z
729361,1204791665023892,1204791665.023892,2022-03-30T22:20:48.000Z
733681,1205833331690558,1205833331.690558,2022-04-29T22:20:48.000Z
738001,1206874998357224,1206874998.357224,2022-05-29T22:20:48.000Z
742321,1207916665023890,1207916665.023890,2022-06-28T22:20:48.000Z
746641,1208958331690556,1208958331.690556,2022-07-28T22:20:48.000Z
750961,1209999998357222,1209999998.357222,2022-08-27T22:20:48.000Z
758161,1213055553912802,1213055553.912802,2022-10-16T22:20:48.000Z
762481,1216111109468382,1216111109.468382,2022-11-15T22:20:48.000Z
766801,1219166665023962,1219166665.023962,2022-12-15T22:20:48.000Z
771121,1222222220579542,1222222220.579542,2023-01-14T22:20:48.000Z
775441,1225277776135122,1225277776.135122,2023-02-13T22:20:48.000Z
779761,1228333331690702,1228333331.690702,2023-03-15T22:20:48.000Z
784081,1231388887246282,1231388887.246282,2023-04-14T22:20:48.000Z
788401,1234444442801862,1234444442.801862,2023-05-14T22:20:48.000Z
792721,1237499998357442,1237499998.357442,2023-06-13T22:20:48.000Z
797041,1240555553913022,1240555553.913022,2023-07-13T22:20:48.000Z
801361,1243611109468602,1243611109.468602,2023-08-12T22:20:48.000Z
805681,1246666665024182,1246666665.024182,2023-09-11T22:20:48.000Z
810001,1249722220579762,1249722220.579762,2023-10-11T22:20:48.000Z
814321,1252777776135342,1252777776.135342,2023-11-10T22:20:48.000Z
818641,1255833331690922,1255833331.690922,2023-12-10T22:20:48.000Z
822961,1258888887246502,1258888887.246502,2024-01-09T22:20:48.000Z
827281,1261944442802082,1261944442.802082,2024-02-08T22:20:48.000Z
831601,1264999998357662,1264999998.357662,2024-03-09T22:20:48.000Z
835921,1268055553913242,1268055553.913242,2024-04-08T22:20:48.000Z
840241,1271111109468822,1271111109.468822,2024-05-08T22:20:48.000Z
844561,1274166665024402,1274166665.024402,2024-06-07T22:20:48.000Z
848881,1277222220579982,1277222220.579982,2024-07-07T22:20:48.000Z
853201,1280277776135562,1280277776.135562,2024-08-06T22:20:48.000Z
857521,1283333331691142,1283333331.691142,2024-09-05T22:20:48.000Z
861841,1286388887246722,1286388887.246722,2024-10-05T22:20:48.000Z
866161,1289444442802302,1289444442.802302,2024-11-04T22:20:48.000Z
870481,1292499998357882,1292499998.357882,2024-12-04T22:20:48.000Z
874801,1295555553913462,1295555553.913462,2025-01-03T22:20:48.000Z
879121,1298611109469042,1298611109.469042,2025-02-02T22:20:48.000Z
883441,1301666665024622,1301666665.024622,2025-03-04T22:20:48.000Z
887761,1304722220580202,1304722220.580202,2025-04-03T22:20:48.000Z
892081,1307777776135782,1307777776.135782,2025-05-03T22:20:48.000Z
896401,1310833331691142,1310833331.691142,2025-06-02T22:20:48.000Z
900721,1313888887246502,1313888887.246502,2025-07-02T22:20:48.000Z
905041,1316944442801862,1316944442.801862,2025-08-01T22:20:48.000Z
909361,1319999998357222,1319999998.357222,2025-08-31T22:20:48.000Z
